{
    "joint_ids": [
        1,
        2,
        3,
        4,
        5,
        6,
        7
    ],
    "joint_offsets": [
        4.727728788263546,
        3.1891644575884364,
        4.672505479899663,
        1.40662385832163,
        3.129320807286708,
        1.454328767111325,
        5.438509153104766
    ],
    "joint_signs": [
        1,
        -1,
        1,
        -1,
        1,
        1,
        1
    ],
    "gripper_config": [
        8,
        199,
        157
    ]
}