{
    "joint_ids": [
        1,
        2,
        3,
        4,
        5,
        6
    ],
    "joint_offsets": [
        0,
        4.71238898038469,
        1.5707963267948966,
        1.5707963267948966,
        0.0,
        4.71238898038469
    ],
    "joint_signs": [
        1,
        1,
        -1,
        1,
        1,
        1
    ],
    "gripper_config": [
        7,
        20,
        -22
    ]
}