{
    "joint_ids": [
        1,
        2,
        3,
        4,
        5,
        6
    ],
    "joint_offsets": [
        3.141592653589793,
        7.853981633974483,
        7.853981633974483,
        7.853981633974483,
        3.141592653589793,
        4.71238898038469
    ],
    "joint_signs": [
        1,
        1,
        -1,
        1,
        1,
        1
    ],
    "gripper_config": [
        7,
        286,
        248
    ]
}