{
    "joint_ids": [
        1,
        2,
        3,
        4,
        5,
        6,
        7
    ],
    "joint_offsets": [
        4.71238898038469,
        3.141592653589793,
        1.5707963267948966,
        6.283185307179586,
        3.141592653589793,
        4.71238898038469,
        6.283185307179586
    ],
    "joint_signs": [
        1,
        -1,
        1,
        1,
        1,
        -1,
        1
    ],
    "gripper_config": [
        8,
        195,
        152
    ]
}